[
  {
    "id": "f9ea0369-a0fb-4079-9a2a-4632e33a4258",
    "data": [
      {
        "text": "how to drive car",
        "meta": "@sys.any",
        "alias": "question",
        "userDefined": true
      }
    ],
    "isTemplate": false,
    "count": 0,
    "lang": "en",
    "updated": 0
  },
  {
    "id": "474d2b70-35ed-4ce8-a1c1-580b716e9e4d",
    "data": [
      {
        "text": "how to reset iphone",
        "meta": "@sys.any",
        "alias": "question",
        "userDefined": true
      }
    ],
    "isTemplate": false,
    "count": 0,
    "lang": "en",
    "updated": 0
  }
]